{
    "loss": [
        2.352703094482422,
        1.4775663614273071
    ],
    "sparse_categorical_accuracy": [
        0.29432398080825806,
        0.5296556353569031
    ],
    "val_loss": [
        1.6435965299606323
    ],
    "val_sparse_categorical_accuracy": [
        0.5
    ]
}